0,Back to the future
1,Blade runner
2,Independence day
3,The hitchhiker's guide to the galaxy
4,Blade runner
5,Sharknado
6,2001: A space odyssey
7,The hitchhiker's guide to the galaxy
8,Independence day
9,FAQ about time travel
10,2001: A space odyssey
11,Star Trek: First contact
12,Independence day
13,Back to the future
14,Total recall
15,Star wars
16,Star wars
17,Independence day
18,Pacific rim
19,The hitchhiker's guide to the galaxy
20,Star wars
21,Twister
22,Total recall
23,Independence day
24,Sharknado
25,Back to the future
26,Groundhog day
27,Independence day
28,The matrix
29,Raiders of the lost arc
30,12 monkeys
31,The hitchhiker's guide to the galaxy
32,Twister
33,Sharknado
34,The hitchhiker's guide to the galaxy
35,Sharknado
36,Sharknado
37,12 monkeys
38,Total recall
39,Blade runner
40,Twister
41,Star wars
42,Twister
43,FAQ about time travel
44,The matrix
45,Back to the future
46,Star wars
47,Star wars
48,Star wars
49,Star wars
50,Blade runner
51,Independence day
52,12 monkeys
53,Sharknado
54,Back to the future
55,2001: A space odyssey
56,The matrix
57,Star Trek: First contact
58,Star Trek: First contact
59,Total recall
60,12 monkeys
61,Star wars
62,Blade runner
63,Groundhog day
64,Blade runner
65,Pacific rim
66,Star Trek: First contact
67,12 monkeys
68,Back to the future
69,Raiders of the lost arc
70,Sharknado
71,Sharknado
72,The matrix
73,Twister
74,The matrix
75,The matrix
76,Back to the future
77,Pacific rim
78,Twister
79,Total recall
80,Star Trek: First contact
81,2001: A space odyssey
82,FAQ about time travel
83,FAQ about time travel
84,12 monkeys
85,The hitchhiker's guide to the galaxy
86,Back to the future
87,Groundhog day
88,The hitchhiker's guide to the galaxy
89,Sharknado
90,12 monkeys
91,Groundhog day
92,Sharknado
93,Sharknado
94,Pacific rim
95,Total recall
96,Independence day
97,FAQ about time travel
98,Total recall
99,Back to the future
100,Pacific rim
101,2001: A space odyssey
102,Blade runner
103,The hitchhiker's guide to the galaxy
104,FAQ about time travel
105,Star Trek: First contact
106,Total recall
107,Twister
108,12 monkeys
109,The matrix
110,Blade runner
111,2001: A space odyssey
112,2001: A space odyssey
113,Independence day
114,Blade runner
115,Independence day
116,2001: A space odyssey
117,Back to the future
118,The matrix
119,Raiders of the lost arc
120,Twister
121,Star wars
122,Blade runner
